Wheel;Gap;Angle;HT;D;Qr;G;Axle;diffs_km_shifted;km_shifted
0.266666667;0.4026522;0.893349318;0.12345679;0.997111857;0.92535017;0.588697237;0.285714286;0.50397019;0.084971739
0.266666667;0.4026522;0.893349318;0.12345679;0.997111857;0.92535017;0.588697237;0.285714286;0.50397019;0.084971739
